user_id,animal,est_i,estimation
11392301,pigeon,0,1
11392301,pigeon,1,1
11392301,pigeon,2,50
11392301,pigeon,3,50
11392301,pigeon,4,1
11392301,pigeon,5,0
11392301,mouse,0,50
11392301,mouse,1,75
11392301,mouse,2,87
11392301,mouse,3,95
11392301,mouse,4,99
11392301,mouse,5,100
11392301,rabbit,0,1
11392301,rabbit,1,20
11392301,rabbit,2,20
11392301,rabbit,3,10
11392301,rabbit,4,50
11392301,rabbit,5,50
96384379,rabbit,0,75
96384379,rabbit,1,40
96384379,rabbit,2,90
96384379,rabbit,3,90
96384379,rabbit,4,30
96384379,rabbit,5,100
96384379,pigeon,0,100
96384379,pigeon,1,94
96384379,pigeon,2,100
96384379,pigeon,3,80
96384379,pigeon,4,100
96384379,pigeon,5,90
96384379,mouse,0,95
96384379,mouse,1,100
96384379,mouse,2,50
96384379,mouse,3,90
96384379,mouse,4,45
96384379,mouse,5,90
03475291,mouse,0,75
03475291,mouse,1,15
03475291,mouse,2,90
03475291,mouse,3,10
03475291,mouse,4,70
03475291,mouse,5,75
03475291,pigeon,0,70
03475291,pigeon,1,55
03475291,pigeon,2,30
03475291,pigeon,3,85
03475291,pigeon,4,20
03475291,pigeon,5,15
03475291,rabbit,0,60
03475291,rabbit,1,50
03475291,rabbit,2,75
03475291,rabbit,3,80
03475291,rabbit,4,55
03475291,rabbit,5,60
80741532,rabbit,0,30
80741532,rabbit,1,30
80741532,rabbit,2,35
80741532,rabbit,3,40
80741532,rabbit,4,42
80741532,rabbit,5,45
80741532,mouse,0,68
80741532,mouse,1,52
80741532,mouse,2,59
80741532,mouse,3,55
80741532,mouse,4,65
80741532,mouse,5,65
80741532,pigeon,0,53
80741532,pigeon,1,58
80741532,pigeon,2,60
80741532,pigeon,3,55
80741532,pigeon,4,55
80741532,pigeon,5,53
99961476,mouse,0,80
99961476,mouse,1,80
99961476,mouse,2,70
99961476,mouse,3,75
99961476,mouse,4,75
99961476,mouse,5,75
99961476,pigeon,0,20
99961476,pigeon,1,20
99961476,pigeon,2,20
99961476,pigeon,3,20
99961476,pigeon,4,20
99961476,pigeon,5,20
99961476,rabbit,0,60
99961476,rabbit,1,65
99961476,rabbit,2,63
99961476,rabbit,3,68
99961476,rabbit,4,70
99961476,rabbit,5,65
48918159,pigeon,0,20
48918159,pigeon,1,65
48918159,pigeon,2,75
48918159,pigeon,3,10
48918159,pigeon,4,20
48918159,pigeon,5,10
48918159,rabbit,0,80
48918159,rabbit,1,60
48918159,rabbit,2,30
48918159,rabbit,3,50
48918159,rabbit,4,70
48918159,rabbit,5,40
48918159,mouse,0,30
48918159,mouse,1,35
48918159,mouse,2,75
48918159,mouse,3,80
48918159,mouse,4,30
48918159,mouse,5,50
10733102,pigeon,0,100
10733102,pigeon,1,90
10733102,pigeon,2,85
10733102,pigeon,3,80
10733102,pigeon,4,85
10733102,pigeon,5,85
10733102,rabbit,0,70
10733102,rabbit,1,75
10733102,rabbit,2,80
10733102,rabbit,3,80
10733102,rabbit,4,85
10733102,rabbit,5,85
10733102,mouse,0,60
10733102,mouse,1,70
10733102,mouse,2,60
10733102,mouse,3,75
10733102,mouse,4,65
10733102,mouse,5,70
07311108,rabbit,0,72
07311108,rabbit,1,54
07311108,rabbit,2,55
07311108,rabbit,3,64
07311108,rabbit,4,69
07311108,rabbit,5,55
07311108,mouse,0,89
07311108,mouse,1,87
07311108,mouse,2,92
07311108,mouse,3,92
07311108,mouse,4,91
07311108,mouse,5,94
07311108,pigeon,0,67
07311108,pigeon,1,62
07311108,pigeon,2,57
07311108,pigeon,3,68
07311108,pigeon,4,55
07311108,pigeon,5,50
14085309,rabbit,0,10
14085309,rabbit,1,25
14085309,rabbit,2,35
14085309,rabbit,3,60
14085309,rabbit,4,50
14085309,rabbit,5,40
14085309,mouse,0,60
14085309,mouse,1,46
14085309,mouse,2,40
14085309,mouse,3,25
14085309,mouse,4,63
14085309,mouse,5,70
14085309,pigeon,0,10
14085309,pigeon,1,46
14085309,pigeon,2,40
14085309,pigeon,3,29
14085309,pigeon,4,10
14085309,pigeon,5,37
92977789,mouse,0,40
92977789,mouse,1,70
92977789,mouse,2,80
92977789,mouse,3,80
92977789,mouse,4,80
92977789,mouse,5,80
92977789,rabbit,0,50
92977789,rabbit,1,60
92977789,rabbit,2,65
92977789,rabbit,3,60
92977789,rabbit,4,50
92977789,rabbit,5,55
92977789,pigeon,0,50
92977789,pigeon,1,60
92977789,pigeon,2,70
92977789,pigeon,3,70
92977789,pigeon,4,75
92977789,pigeon,5,80
40125720,rabbit,0,70
40125720,rabbit,1,80
40125720,rabbit,2,100
40125720,rabbit,3,100
40125720,rabbit,4,67
40125720,rabbit,5,80
40125720,pigeon,0,100
40125720,pigeon,1,100
40125720,pigeon,2,80
40125720,pigeon,3,100
40125720,pigeon,4,80
40125720,pigeon,5,84
40125720,mouse,0,100
40125720,mouse,1,83
40125720,mouse,2,80
40125720,mouse,3,66
40125720,mouse,4,50
40125720,mouse,5,40
56384388,mouse,0,68
56384388,mouse,1,73
56384388,mouse,2,73
56384388,mouse,3,71
56384388,mouse,4,71
56384388,mouse,5,80
56384388,pigeon,0,75
56384388,pigeon,1,75
56384388,pigeon,2,75
56384388,pigeon,3,80
56384388,pigeon,4,75
56384388,pigeon,5,75
56384388,rabbit,0,60
56384388,rabbit,1,70
56384388,rabbit,2,70
56384388,rabbit,3,70
56384388,rabbit,4,75
56384388,rabbit,5,75
46699171,pigeon,0,20
46699171,pigeon,1,15
46699171,pigeon,2,20
46699171,pigeon,3,25
46699171,pigeon,4,15
46699171,pigeon,5,20
46699171,rabbit,0,70
46699171,rabbit,1,30
46699171,rabbit,2,25
46699171,rabbit,3,35
46699171,rabbit,4,25
46699171,rabbit,5,30
46699171,mouse,0,80
46699171,mouse,1,80
46699171,mouse,2,85
46699171,mouse,3,90
46699171,mouse,4,92
46699171,mouse,5,95
61080737,rabbit,0,40
61080737,rabbit,1,43
61080737,rabbit,2,57
61080737,rabbit,3,63
61080737,rabbit,4,68
61080737,rabbit,5,58
61080737,pigeon,0,62
61080737,pigeon,1,31
61080737,pigeon,2,57
61080737,pigeon,3,70
61080737,pigeon,4,43
61080737,pigeon,5,67
61080737,mouse,0,80
61080737,mouse,1,68
61080737,mouse,2,83
61080737,mouse,3,73
61080737,mouse,4,66
61080737,mouse,5,75
54682934,rabbit,0,70
54682934,rabbit,1,80
54682934,rabbit,2,50
54682934,rabbit,3,96
54682934,rabbit,4,50
54682934,rabbit,5,50
54682934,pigeon,0,85
54682934,pigeon,1,60
54682934,pigeon,2,88
54682934,pigeon,3,50
54682934,pigeon,4,60
54682934,pigeon,5,50
54682934,mouse,0,90
54682934,mouse,1,65
54682934,mouse,2,50
54682934,mouse,3,56
54682934,mouse,4,60
54682934,mouse,5,70
63265322,rabbit,0,50
63265322,rabbit,1,55
63265322,rabbit,2,60
63265322,rabbit,3,45
63265322,rabbit,4,65
63265322,rabbit,5,75
63265322,pigeon,0,55
63265322,pigeon,1,45
63265322,pigeon,2,20
63265322,pigeon,3,30
63265322,pigeon,4,85
63265322,pigeon,5,60
63265322,mouse,0,35
63265322,mouse,1,50
63265322,mouse,2,100
63265322,mouse,3,80
63265322,mouse,4,55
63265322,mouse,5,65
63725541,mouse,0,85
63725541,mouse,1,85
63725541,mouse,2,85
63725541,mouse,3,85
63725541,mouse,4,95
63725541,mouse,5,85
63725541,pigeon,0,35
63725541,pigeon,1,20
63725541,pigeon,2,15
63725541,pigeon,3,20
63725541,pigeon,4,30
63725541,pigeon,5,35
63725541,rabbit,0,40
63725541,rabbit,1,55
63725541,rabbit,2,45
63725541,rabbit,3,35
63725541,rabbit,4,15
63725541,rabbit,5,55
21919769,pigeon,0,83
21919769,pigeon,1,70
21919769,pigeon,2,73
21919769,pigeon,3,65
21919769,pigeon,4,75
21919769,pigeon,5,71
21919769,mouse,0,33
21919769,mouse,1,42
21919769,mouse,2,55
21919769,mouse,3,69
21919769,mouse,4,65
21919769,mouse,5,63
21919769,rabbit,0,80
21919769,rabbit,1,85
21919769,rabbit,2,88
21919769,rabbit,3,74
21919769,rabbit,4,62
21919769,rabbit,5,58
50669286,rabbit,0,50
50669286,rabbit,1,40
50669286,rabbit,2,45
50669286,rabbit,3,100
50669286,rabbit,4,80
50669286,rabbit,5,50
50669286,pigeon,0,100
50669286,pigeon,1,100
50669286,pigeon,2,65
50669286,pigeon,3,100
50669286,pigeon,4,90
50669286,pigeon,5,100
50669286,mouse,0,100
50669286,mouse,1,90
50669286,mouse,2,80
50669286,mouse,3,80
50669286,mouse,4,70
50669286,mouse,5,100
41509694,pigeon,0,60
41509694,pigeon,1,50
41509694,pigeon,2,50
41509694,pigeon,3,60
41509694,pigeon,4,70
41509694,pigeon,5,60
41509694,rabbit,0,60
41509694,rabbit,1,70
41509694,rabbit,2,90
41509694,rabbit,3,70
41509694,rabbit,4,55
41509694,rabbit,5,55
41509694,mouse,0,50
41509694,mouse,1,45
41509694,mouse,2,90
41509694,mouse,3,100
41509694,mouse,4,90
41509694,mouse,5,80
44768233,rabbit,0,88
44768233,rabbit,1,95
44768233,rabbit,2,89
44768233,rabbit,3,70
44768233,rabbit,4,67
44768233,rabbit,5,95
44768233,pigeon,0,98
44768233,pigeon,1,93
44768233,pigeon,2,100
44768233,pigeon,3,100
44768233,pigeon,4,100
44768233,pigeon,5,93
44768233,mouse,0,57
44768233,mouse,1,56
44768233,mouse,2,55
44768233,mouse,3,55
44768233,mouse,4,55
44768233,mouse,5,56
56031770,pigeon,0,10
56031770,pigeon,1,9
56031770,pigeon,2,17
56031770,pigeon,3,13
56031770,pigeon,4,36
56031770,pigeon,5,18
56031770,mouse,0,45
56031770,mouse,1,75
56031770,mouse,2,66
56031770,mouse,3,78
56031770,mouse,4,88
56031770,mouse,5,52
56031770,rabbit,0,55
56031770,rabbit,1,38
56031770,rabbit,2,67
56031770,rabbit,3,42
56031770,rabbit,4,87
56031770,rabbit,5,51
86510399,rabbit,0,60
86510399,rabbit,1,50
86510399,rabbit,2,60
86510399,rabbit,3,55
86510399,rabbit,4,55
86510399,rabbit,5,60
86510399,pigeon,0,60
86510399,pigeon,1,65
86510399,pigeon,2,60
86510399,pigeon,3,60
86510399,pigeon,4,60
86510399,pigeon,5,70
86510399,mouse,0,40
86510399,mouse,1,50
86510399,mouse,2,50
86510399,mouse,3,60
86510399,mouse,4,40
86510399,mouse,5,50
81964096,pigeon,0,80
81964096,pigeon,1,55
81964096,pigeon,2,46
81964096,pigeon,3,53
81964096,pigeon,4,50
81964096,pigeon,5,53
81964096,mouse,0,40
81964096,mouse,1,48
81964096,mouse,2,20
81964096,mouse,3,30
81964096,mouse,4,17
81964096,mouse,5,90
81964096,rabbit,0,72
81964096,rabbit,1,85
81964096,rabbit,2,82
81964096,rabbit,3,53
81964096,rabbit,4,47
81964096,rabbit,5,68
36111101,pigeon,0,25
36111101,pigeon,1,23
36111101,pigeon,2,37
36111101,pigeon,3,69
36111101,pigeon,4,61
36111101,pigeon,5,42
36111101,rabbit,0,40
36111101,rabbit,1,31
36111101,rabbit,2,11
36111101,rabbit,3,61
36111101,rabbit,4,21
36111101,rabbit,5,51
36111101,mouse,0,30
36111101,mouse,1,30
36111101,mouse,2,31
36111101,mouse,3,52
36111101,mouse,4,31
36111101,mouse,5,41
89210137,mouse,0,40
89210137,mouse,1,55
89210137,mouse,2,65
89210137,mouse,3,41
89210137,mouse,4,45
89210137,mouse,5,40
89210137,pigeon,0,35
89210137,pigeon,1,40
89210137,pigeon,2,25
89210137,pigeon,3,15
89210137,pigeon,4,10
89210137,pigeon,5,15
89210137,rabbit,0,32
89210137,rabbit,1,39
89210137,rabbit,2,28
89210137,rabbit,3,27
89210137,rabbit,4,18
89210137,rabbit,5,11
56156078,pigeon,0,100
56156078,pigeon,1,75
56156078,pigeon,2,100
56156078,pigeon,3,80
56156078,pigeon,4,80
56156078,pigeon,5,100
56156078,rabbit,0,80
56156078,rabbit,1,60
56156078,rabbit,2,100
56156078,rabbit,3,100
56156078,rabbit,4,60
56156078,rabbit,5,100
56156078,mouse,0,80
56156078,mouse,1,60
56156078,mouse,2,80
56156078,mouse,3,40
56156078,mouse,4,100
56156078,mouse,5,60
42229882,pigeon,0,70
42229882,pigeon,1,60
42229882,pigeon,2,70
42229882,pigeon,3,61
42229882,pigeon,4,65
42229882,pigeon,5,45
42229882,rabbit,0,45
42229882,rabbit,1,60
42229882,rabbit,2,70
42229882,rabbit,3,65
42229882,rabbit,4,70
42229882,rabbit,5,45
42229882,mouse,0,45
42229882,mouse,1,75
42229882,mouse,2,60
42229882,mouse,3,70
42229882,mouse,4,80
42229882,mouse,5,60
93824693,pigeon,0,70
93824693,pigeon,1,80
93824693,pigeon,2,80
93824693,pigeon,3,85
93824693,pigeon,4,60
93824693,pigeon,5,70
93824693,mouse,0,20
93824693,mouse,1,30
93824693,mouse,2,20
93824693,mouse,3,25
93824693,mouse,4,20
93824693,mouse,5,25
93824693,rabbit,0,20
93824693,rabbit,1,10
93824693,rabbit,2,50
93824693,rabbit,3,80
93824693,rabbit,4,60
93824693,rabbit,5,40
23703759,mouse,0,85
23703759,mouse,1,85
23703759,mouse,2,87
23703759,mouse,3,87
23703759,mouse,4,85
23703759,mouse,5,85
23703759,rabbit,0,85
23703759,rabbit,1,83
23703759,rabbit,2,83
23703759,rabbit,3,78
23703759,rabbit,4,75
23703759,rabbit,5,70
23703759,pigeon,0,60
23703759,pigeon,1,60
23703759,pigeon,2,50
23703759,pigeon,3,50
23703759,pigeon,4,48
23703759,pigeon,5,50
98471008,rabbit,0,66
98471008,rabbit,1,65
98471008,rabbit,2,81
98471008,rabbit,3,74
98471008,rabbit,4,100
98471008,rabbit,5,100
98471008,pigeon,0,100
98471008,pigeon,1,88
98471008,pigeon,2,95
98471008,pigeon,3,83
98471008,pigeon,4,71
98471008,pigeon,5,78
98471008,mouse,0,50
98471008,mouse,1,75
98471008,mouse,2,86
98471008,mouse,3,97
98471008,mouse,4,61
98471008,mouse,5,100
91490575,rabbit,0,20
91490575,rabbit,1,40
91490575,rabbit,2,45
91490575,rabbit,3,40
91490575,rabbit,4,35
91490575,rabbit,5,40
91490575,mouse,0,40
91490575,mouse,1,50
91490575,mouse,2,45
91490575,mouse,3,50
91490575,mouse,4,60
91490575,mouse,5,45
91490575,pigeon,0,15
91490575,pigeon,1,18
91490575,pigeon,2,15
91490575,pigeon,3,12
91490575,pigeon,4,10
91490575,pigeon,5,15
69882995,mouse,0,40
69882995,mouse,1,30
69882995,mouse,2,40
69882995,mouse,3,50
69882995,mouse,4,9
69882995,mouse,5,40
69882995,pigeon,0,70
69882995,pigeon,1,30
69882995,pigeon,2,40
69882995,pigeon,3,60
69882995,pigeon,4,30
69882995,pigeon,5,40
69882995,rabbit,0,40
69882995,rabbit,1,30
69882995,rabbit,2,20
69882995,rabbit,3,60
69882995,rabbit,4,50
69882995,rabbit,5,40
48512613,mouse,0,60
48512613,mouse,1,47
48512613,mouse,2,54
48512613,mouse,3,70
48512613,mouse,4,83
48512613,mouse,5,90
48512613,rabbit,0,51
48512613,rabbit,1,61
48512613,rabbit,2,46
48512613,rabbit,3,54
48512613,rabbit,4,76
48512613,rabbit,5,63
48512613,pigeon,0,73
48512613,pigeon,1,38
48512613,pigeon,2,37
48512613,pigeon,3,61
48512613,pigeon,4,52
48512613,pigeon,5,31
75480231,mouse,0,90
75480231,mouse,1,90
75480231,mouse,2,90
75480231,mouse,3,96
75480231,mouse,4,90
75480231,mouse,5,94
75480231,pigeon,0,70
75480231,pigeon,1,59
75480231,pigeon,2,50
75480231,pigeon,3,48
75480231,pigeon,4,46
75480231,pigeon,5,79
75480231,rabbit,0,92
75480231,rabbit,1,57
75480231,rabbit,2,69
75480231,rabbit,3,58
75480231,rabbit,4,90
75480231,rabbit,5,62
07901122,pigeon,0,40
07901122,pigeon,1,60
07901122,pigeon,2,35
07901122,pigeon,3,20
07901122,pigeon,4,25
07901122,pigeon,5,30
07901122,mouse,0,100
07901122,mouse,1,95
07901122,mouse,2,90
07901122,mouse,3,85
07901122,mouse,4,90
07901122,mouse,5,87
07901122,rabbit,0,50
07901122,rabbit,1,45
07901122,rabbit,2,50
07901122,rabbit,3,53
07901122,rabbit,4,55
07901122,rabbit,5,55
63295586,pigeon,0,50
63295586,pigeon,1,50
63295586,pigeon,2,35
63295586,pigeon,3,70
63295586,pigeon,4,60
63295586,pigeon,5,80
63295586,mouse,0,90
63295586,mouse,1,50
63295586,mouse,2,30
63295586,mouse,3,25
63295586,mouse,4,40
63295586,mouse,5,60
63295586,rabbit,0,30
63295586,rabbit,1,40
63295586,rabbit,2,90
63295586,rabbit,3,50
63295586,rabbit,4,100
63295586,rabbit,5,60
23803370,rabbit,0,90
23803370,rabbit,1,60
23803370,rabbit,2,60
23803370,rabbit,3,40
23803370,rabbit,4,40
23803370,rabbit,5,50
23803370,pigeon,0,60
23803370,pigeon,1,60
23803370,pigeon,2,75
23803370,pigeon,3,60
23803370,pigeon,4,30
23803370,pigeon,5,40
23803370,mouse,0,70
23803370,mouse,1,70
23803370,mouse,2,60
23803370,mouse,3,90
23803370,mouse,4,60
23803370,mouse,5,50
33127013,mouse,0,67
33127013,mouse,1,79
33127013,mouse,2,82
33127013,mouse,3,76
33127013,mouse,4,83
33127013,mouse,5,85
33127013,rabbit,0,87
33127013,rabbit,1,43
33127013,rabbit,2,42
33127013,rabbit,3,35
33127013,rabbit,4,33
33127013,rabbit,5,46
33127013,pigeon,0,40
33127013,pigeon,1,55
33127013,pigeon,2,45
33127013,pigeon,3,46
33127013,pigeon,4,56
33127013,pigeon,5,50
94045978,mouse,0,30
94045978,mouse,1,30
94045978,mouse,2,40
94045978,mouse,3,80
94045978,mouse,4,20
94045978,mouse,5,60
94045978,pigeon,0,80
94045978,pigeon,1,70
94045978,pigeon,2,70
94045978,pigeon,3,60
94045978,pigeon,4,70
94045978,pigeon,5,40
94045978,rabbit,0,40
94045978,rabbit,1,50
94045978,rabbit,2,50
94045978,rabbit,3,40
94045978,rabbit,4,40
94045978,rabbit,5,60
12465516,mouse,0,85
12465516,mouse,1,70
12465516,mouse,2,80
12465516,mouse,3,80
12465516,mouse,4,75
12465516,mouse,5,75
12465516,rabbit,0,75
12465516,rabbit,1,70
12465516,rabbit,2,75
12465516,rabbit,3,60
12465516,rabbit,4,75
12465516,rabbit,5,50
12465516,pigeon,0,50
12465516,pigeon,1,40
12465516,pigeon,2,35
12465516,pigeon,3,35
12465516,pigeon,4,30
12465516,pigeon,5,40
65028886,rabbit,0,30
65028886,rabbit,1,20
65028886,rabbit,2,50
65028886,rabbit,3,75
65028886,rabbit,4,70
65028886,rabbit,5,90
65028886,mouse,0,60
65028886,mouse,1,45
65028886,mouse,2,45
65028886,mouse,3,70
65028886,mouse,4,70
65028886,mouse,5,70
65028886,pigeon,0,30
65028886,pigeon,1,60
65028886,pigeon,2,40
65028886,pigeon,3,30
65028886,pigeon,4,10
65028886,pigeon,5,40
33530548,rabbit,0,75
33530548,rabbit,1,68
33530548,rabbit,2,93
33530548,rabbit,3,65
33530548,rabbit,4,63
33530548,rabbit,5,50
33530548,mouse,0,85
33530548,mouse,1,72
33530548,mouse,2,80
33530548,mouse,3,74
33530548,mouse,4,62
33530548,mouse,5,68
33530548,pigeon,0,94
33530548,pigeon,1,75
33530548,pigeon,2,63
33530548,pigeon,3,53
33530548,pigeon,4,41
33530548,pigeon,5,51
63762982,mouse,0,45
63762982,mouse,1,20
63762982,mouse,2,40
63762982,mouse,3,98
63762982,mouse,4,55
63762982,mouse,5,100
63762982,pigeon,0,35
63762982,pigeon,1,20
63762982,pigeon,2,50
63762982,pigeon,3,25
63762982,pigeon,4,55
63762982,pigeon,5,60
63762982,rabbit,0,100
63762982,rabbit,1,45
63762982,rabbit,2,35
63762982,rabbit,3,20
63762982,rabbit,4,95
63762982,rabbit,5,70
57748378,rabbit,0,30
57748378,rabbit,1,35
57748378,rabbit,2,40
57748378,rabbit,3,50
57748378,rabbit,4,60
57748378,rabbit,5,55
57748378,mouse,0,25
57748378,mouse,1,65
57748378,mouse,2,35
57748378,mouse,3,70
57748378,mouse,4,45
57748378,mouse,5,35
57748378,pigeon,0,60
57748378,pigeon,1,50
57748378,pigeon,2,55
57748378,pigeon,3,25
57748378,pigeon,4,40
57748378,pigeon,5,45
13012623,rabbit,0,80
13012623,rabbit,1,60
13012623,rabbit,2,60
13012623,rabbit,3,10
13012623,rabbit,4,30
13012623,rabbit,5,40
13012623,mouse,0,10
13012623,mouse,1,10
13012623,mouse,2,0
13012623,mouse,3,20
13012623,mouse,4,30
13012623,mouse,5,20
13012623,pigeon,0,20
13012623,pigeon,1,35
13012623,pigeon,2,15
13012623,pigeon,3,5
13012623,pigeon,4,45
13012623,pigeon,5,60
29170080,rabbit,0,30
29170080,rabbit,1,40
29170080,rabbit,2,40
29170080,rabbit,3,45
29170080,rabbit,4,40
29170080,rabbit,5,50
29170080,mouse,0,45
29170080,mouse,1,40
29170080,mouse,2,45
29170080,mouse,3,50
29170080,mouse,4,55
29170080,mouse,5,50
29170080,pigeon,0,45
29170080,pigeon,1,40
29170080,pigeon,2,45
29170080,pigeon,3,50
29170080,pigeon,4,45
29170080,pigeon,5,50
24849364,mouse,0,85
24849364,mouse,1,95
24849364,mouse,2,60
24849364,mouse,3,88
24849364,mouse,4,80
24849364,mouse,5,95
24849364,pigeon,0,60
24849364,pigeon,1,55
24849364,pigeon,2,50
24849364,pigeon,3,52
24849364,pigeon,4,48
24849364,pigeon,5,45
24849364,rabbit,0,60
24849364,rabbit,1,55
24849364,rabbit,2,70
24849364,rabbit,3,50
24849364,rabbit,4,45
24849364,rabbit,5,52
45921496,pigeon,0,100
45921496,pigeon,1,100
45921496,pigeon,2,85
45921496,pigeon,3,66
45921496,pigeon,4,55
45921496,pigeon,5,70
45921496,mouse,0,18
45921496,mouse,1,29
45921496,mouse,2,26
45921496,mouse,3,41
45921496,mouse,4,67
45921496,mouse,5,60
45921496,rabbit,0,55
45921496,rabbit,1,33
45921496,rabbit,2,54
45921496,rabbit,3,53
45921496,rabbit,4,53
45921496,rabbit,5,36
19760264,rabbit,0,70
19760264,rabbit,1,85
19760264,rabbit,2,50
19760264,rabbit,3,100
19760264,rabbit,4,100
19760264,rabbit,5,40
19760264,pigeon,0,100
19760264,pigeon,1,100
19760264,pigeon,2,100
19760264,pigeon,3,100
19760264,pigeon,4,85
19760264,pigeon,5,50
19760264,mouse,0,80
19760264,mouse,1,83
19760264,mouse,2,25
19760264,mouse,3,80
19760264,mouse,4,100
19760264,mouse,5,50
68679750,pigeon,0,56
68679750,pigeon,1,30
68679750,pigeon,2,55
68679750,pigeon,3,26
68679750,pigeon,4,39
68679750,pigeon,5,59
68679750,mouse,0,98
68679750,mouse,1,73
68679750,mouse,2,41
68679750,mouse,3,61
68679750,mouse,4,79
68679750,mouse,5,74
68679750,rabbit,0,56
68679750,rabbit,1,46
68679750,rabbit,2,50
68679750,rabbit,3,52
68679750,rabbit,4,74
68679750,rabbit,5,40
94801747,rabbit,0,85
94801747,rabbit,1,45
94801747,rabbit,2,100
94801747,rabbit,3,5
94801747,rabbit,4,55
94801747,rabbit,5,70
94801747,pigeon,0,70
94801747,pigeon,1,60
94801747,pigeon,2,75
94801747,pigeon,3,45
94801747,pigeon,4,65
94801747,pigeon,5,75
94801747,mouse,0,30
94801747,mouse,1,80
94801747,mouse,2,70
94801747,mouse,3,75
94801747,mouse,4,80
94801747,mouse,5,70
74931955,mouse,0,45
74931955,mouse,1,40
74931955,mouse,2,65
74931955,mouse,3,65
74931955,mouse,4,60
74931955,mouse,5,65
74931955,rabbit,0,75
74931955,rabbit,1,70
74931955,rabbit,2,75
74931955,rabbit,3,70
74931955,rabbit,4,70
74931955,rabbit,5,75
74931955,pigeon,0,35
74931955,pigeon,1,30
74931955,pigeon,2,25
74931955,pigeon,3,25
74931955,pigeon,4,20
74931955,pigeon,5,25
19369402,rabbit,0,35
19369402,rabbit,1,65
19369402,rabbit,2,75
19369402,rabbit,3,60
19369402,rabbit,4,40
19369402,rabbit,5,40
19369402,pigeon,0,45
19369402,pigeon,1,20
19369402,pigeon,2,45
19369402,pigeon,3,20
19369402,pigeon,4,19
19369402,pigeon,5,30
19369402,mouse,0,70
19369402,mouse,1,90
19369402,mouse,2,95
19369402,mouse,3,90
19369402,mouse,4,95
19369402,mouse,5,90
68986594,mouse,0,78
68986594,mouse,1,65
68986594,mouse,2,70
68986594,mouse,3,46
68986594,mouse,4,63
68986594,mouse,5,71
68986594,rabbit,0,70
68986594,rabbit,1,68
68986594,rabbit,2,87
68986594,rabbit,3,74
68986594,rabbit,4,64
68986594,rabbit,5,65
68986594,pigeon,0,51
68986594,pigeon,1,59
68986594,pigeon,2,55
68986594,pigeon,3,44
68986594,pigeon,4,51
68986594,pigeon,5,54
59547967,pigeon,0,50
59547967,pigeon,1,50
59547967,pigeon,2,40
59547967,pigeon,3,55
59547967,pigeon,4,70
59547967,pigeon,5,80
59547967,mouse,0,65
59547967,mouse,1,35
59547967,mouse,2,65
59547967,mouse,3,85
59547967,mouse,4,90
59547967,mouse,5,75
59547967,rabbit,0,85
59547967,rabbit,1,75
59547967,rabbit,2,80
59547967,rabbit,3,90
59547967,rabbit,4,85
59547967,rabbit,5,65
99885096,rabbit,0,90
99885096,rabbit,1,50
99885096,rabbit,2,85
99885096,rabbit,3,90
99885096,rabbit,4,100
99885096,rabbit,5,100
99885096,pigeon,0,100
99885096,pigeon,1,100
99885096,pigeon,2,90
99885096,pigeon,3,100
99885096,pigeon,4,90
99885096,pigeon,5,100
99885096,mouse,0,80
99885096,mouse,1,100
99885096,mouse,2,40
99885096,mouse,3,61
99885096,mouse,4,30
99885096,mouse,5,80
47970729,mouse,0,40
47970729,mouse,1,50
47970729,mouse,2,60
47970729,mouse,3,80
47970729,mouse,4,80
47970729,mouse,5,50
47970729,rabbit,0,50
47970729,rabbit,1,60
47970729,rabbit,2,80
47970729,rabbit,3,50
47970729,rabbit,4,60
47970729,rabbit,5,50
47970729,pigeon,0,40
47970729,pigeon,1,30
47970729,pigeon,2,50
47970729,pigeon,3,60
47970729,pigeon,4,50
47970729,pigeon,5,60
57447775,rabbit,0,30
57447775,rabbit,1,40
57447775,rabbit,2,70
57447775,rabbit,3,70
57447775,rabbit,4,75
57447775,rabbit,5,75
57447775,mouse,0,40
57447775,mouse,1,40
57447775,mouse,2,50
57447775,mouse,3,50
57447775,mouse,4,55
57447775,mouse,5,55
57447775,pigeon,0,25
57447775,pigeon,1,35
57447775,pigeon,2,35
57447775,pigeon,3,40
57447775,pigeon,4,40
57447775,pigeon,5,50
73731099,rabbit,0,90
73731099,rabbit,1,85
73731099,rabbit,2,85
73731099,rabbit,3,90
73731099,rabbit,4,80
73731099,rabbit,5,85
73731099,pigeon,0,90
73731099,pigeon,1,90
73731099,pigeon,2,95
73731099,pigeon,3,85
73731099,pigeon,4,90
73731099,pigeon,5,90
73731099,mouse,0,70
73731099,mouse,1,65
73731099,mouse,2,70
73731099,mouse,3,75
73731099,mouse,4,90
73731099,mouse,5,90
03621594,mouse,0,60
03621594,mouse,1,50
03621594,mouse,2,50
03621594,mouse,3,50
03621594,mouse,4,45
03621594,mouse,5,55
03621594,pigeon,0,25
03621594,pigeon,1,25
03621594,pigeon,2,35
03621594,pigeon,3,35
03621594,pigeon,4,30
03621594,pigeon,5,25
03621594,rabbit,0,75
03621594,rabbit,1,70
03621594,rabbit,2,70
03621594,rabbit,3,68
03621594,rabbit,4,70
03621594,rabbit,5,70
57041473,mouse,0,60
57041473,mouse,1,80
57041473,mouse,2,77
57041473,mouse,3,60
57041473,mouse,4,65
57041473,mouse,5,63
57041473,pigeon,0,87
57041473,pigeon,1,90
57041473,pigeon,2,92
57041473,pigeon,3,85
57041473,pigeon,4,83
57041473,pigeon,5,90
57041473,rabbit,0,100
57041473,rabbit,1,85
57041473,rabbit,2,80
57041473,rabbit,3,77
57041473,rabbit,4,85
57041473,rabbit,5,83
41335872,rabbit,0,10
41335872,rabbit,1,15
41335872,rabbit,2,18
41335872,rabbit,3,20
41335872,rabbit,4,15
41335872,rabbit,5,18
41335872,mouse,0,15
41335872,mouse,1,16
41335872,mouse,2,20
41335872,mouse,3,18
41335872,mouse,4,19
41335872,mouse,5,21
41335872,pigeon,0,9
41335872,pigeon,1,13
41335872,pigeon,2,2
41335872,pigeon,3,0
41335872,pigeon,4,2
41335872,pigeon,5,0
93613743,mouse,0,64
93613743,mouse,1,56
93613743,mouse,2,44
93613743,mouse,3,55
93613743,mouse,4,80
93613743,mouse,5,56
93613743,rabbit,0,85
93613743,rabbit,1,90
93613743,rabbit,2,10
93613743,rabbit,3,25
93613743,rabbit,4,35
93613743,rabbit,5,21
93613743,pigeon,0,39
93613743,pigeon,1,21
93613743,pigeon,2,47
93613743,pigeon,3,72
93613743,pigeon,4,34
93613743,pigeon,5,40
83731343,mouse,0,100
83731343,mouse,1,90
83731343,mouse,2,85
83731343,mouse,3,80
83731343,mouse,4,70
83731343,mouse,5,68
83731343,rabbit,0,80
83731343,rabbit,1,85
83731343,rabbit,2,80
83731343,rabbit,3,83
83731343,rabbit,4,81
83731343,rabbit,5,83
83731343,pigeon,0,100
83731343,pigeon,1,95
83731343,pigeon,2,97
83731343,pigeon,3,93
83731343,pigeon,4,95
83731343,pigeon,5,91

